"Data Source","World Development Indicators",

"Last Updated Date","2015-12-22",

"Country Name","Country Code","Indicator Name","Indicator Code","1960","1961","1962","1963","1964","1965","1966","1967","1968","1969","1970","1971","1972","1973","1974","1975","1976","1977","1978","1979","1980","1981","1982","1983","1984","1985","1986","1987","1988","1989","1990","1991","1992","1993","1994","1995","1996","1997","1998","1999","2000","2001","2002","2003","2004","2005","2006","2007","2008","2009","2010","2011","2012","2013","2014","2015",
"Aruba","ABW","International tourism, number of arrivals","ST.INT.ARVL","","","","","","","","","","","","","","","","","","","","","","","","","","","","","","","","","","","","619000","641000","650000","647000","683000","721000","691000","643000","642000","728000","733000","694000","772000","827000","813000","824000","869000","904000","979000","","",
"Andorra","AND","International tourism, number of arrivals","ST.INT.ARVL","","","","","","","","","","","","","","","","","","","","","","","","","","","","","","","","","","","","","","","","2347000","2949000","3516000","3387000","3138000","2791000","2418000","2227000","2189000","2059000","1830000","1808000","2242000","2238000","2335000","","",
"Afghanistan","AFG","International tourism, number of arrivals","ST.INT.ARVL","","","","","","","","","","","","","","","","","","","","","","","","","","","","","","","","","","","","","","","","","","","","","","","","","","","","","","","","",
"Angola","AGO","International tourism, number of arrivals","ST.INT.ARVL","","","","","","","","","","","","","","","","","","","","","","","","","","","","","","","","","","","","9000","21000","45000","52000","45000","51000","67000","91000","107000","194000","210000","121000","195000","294000","366000","425000","481000","528000","650000","","",
"Albania","ALB","International tourism, number of arrivals","ST.INT.ARVL","","","","","","","","","","","","","","","","","","","","","","","","","","","","","","","","","","","","","","","","","","","","","","","","1062000","1247000","1711000","2191000","2469000","3156000","2857000","","",
"Arab World","ARB","International tourism, number of arrivals","ST.INT.ARVL","","","","","","","","","","","","","","","","","","","","","","","","","","","","","","","","","","","","25663475.4898875","26515290.6491666","28834893.8341731","31711776.2983018","36371090.6835408","40959986.7267003","41731341.4624937","46836887.2010283","48959906.1082198","58314923.1148957","61523638.9800694","68132592.7431611","77454196.4552841","89456815.7147003","87279579.1739716","100280494.020045","88127295.0758941","90418199.2282632","89257005.3379442","","",
"United Arab Emirates","ARE","International tourism, number of arrivals","ST.INT.ARVL","","","","","","","","","","","","","","","","","","","","","","","","","","","","","","","","","","","","2315000","2572000","2476000","2991000","3393000","3907000","4134000","5445000","5871000","6195000","7126000","","","","","","","","","","",
"Argentina","ARG","International tourism, number of arrivals","ST.INT.ARVL","","","","","","","","","","","","","","","","","","","","","","","","","","","","","","","","","","","","2289000","2614000","2764000","3012000","2898000","2909000","2620000","2820000","2995000","3457000","3823000","4173000","4562000","4700000","4308000","5325000","5705000","5587000","5571000","","",
"Armenia","ARM","International tourism, number of arrivals","ST.INT.ARVL","","","","","","","","","","","","","","","","","","","","","","","","","","","","","","","","","","","","12000","13000","23000","32000","41000","45000","123000","162000","206000","263000","319000","382000","511000","558000","575000","684000","758000","963000","1084000","","",
"American Samoa","ASM","International tourism, number of arrivals","ST.INT.ARVL","","","","","","","","","","","","","","","","","","","","","","","","","","","","","","","","","","","","34000","35000","26000","36000","41000","44000","36000","","","","24000","25000","24000","24300","23500","22600","21900","21600","","","",
"Antigua and Barbuda","ATG","International tourism, number of arrivals","ST.INT.ARVL","","","","","","","","","","","","","","","","","","","","","","","","","","","","","","","","","","","","220000","228000","240000","234000","232000","207000","215000","218000","239000","246000","245000","254000","262000","266000","234000","230000","241000","247000","244000","","",
"Australia","AUS","International tourism, number of arrivals","ST.INT.ARVL","","","","","","","","","","","","","","","","","","","","","","","","","","","","","","","","","","","","3726000","4165000","4318000","4167000","4459000","4931000","4856000","4841000","4746000","5215000","5499000","5532000","5644000","5586000","5490000","5790000","5771000","6032000","6382000","","",
"Austria","AUT","International tourism, number of arrivals","ST.INT.ARVL","","","","","","","","","","","","","","","","","","","","","","","","","","","","","","","","","","","","17173000","17090000","16647000","17352000","17467000","17982000","18180000","18611000","19078000","19374000","19952000","20269000","20773000","21935000","21355000","22004000","23012000","24151000","24813000","","",
"Azerbaijan","AZE","International tourism, number of arrivals","ST.INT.ARVL","","","","","","","","","","","","","","","","","","","","","","","","","","","","","","","","","","","","","","","","","","","576000","768000","989000","693000","682000","732000","1043000","1005000","1280000","1562000","1986000","2130000","","",
"Burundi","BDI","International tourism, number of arrivals","ST.INT.ARVL","","","","","","","","","","","","","","","","","","","","","","","","","","","","","","","","","","","","34000","27000","11000","15000","26000","29000","36000","74000","74000","133000","148000","214000","192000","202000","212000","142000","","","","","",
"Belgium","BEL","International tourism, number of arrivals","ST.INT.ARVL","","","","","","","","","","","","","","","","","","","","","","","","","","","","","","","","","","","","5560000","5829000","6037000","6179000","6369000","6457000","6452000","6720000","6690000","6710000","6747000","6995000","7045000","7165000","6815000","7186000","7494000","7560000","7684000","","",
"Benin","BEN","International tourism, number of arrivals","ST.INT.ARVL","","","","","","","","","","","","","","","","","","","","","","","","","","","","","","","","","","","","138000","143000","148000","152000","80000","96000","88000","72000","175000","174000","176000","180000","186000","188000","190000","199000","209000","220000","231000","","",
"Burkina Faso","BFA","International tourism, number of arrivals","ST.INT.ARVL","","","","","","","","","","","","","","","","","","","","","","","","","","","","","","","","","","","","124000","131000","138000","160000","117000","126000","128000","150000","163000","222000","245000","264000","289000","272000","269000","274000","238000","237000","218000","","",
"Bangladesh","BGD","International tourism, number of arrivals","ST.INT.ARVL","","","","","","","","","","","","","","","","","","","","","","","","","","","","","","","","","","","","156000","166000","182000","172000","173000","199000","207000","207000","245000","271000","208000","200000","289000","467000","267000","303000","155000","125000","148000","","",
"Bulgaria","BGR","International tourism, number of arrivals","ST.INT.ARVL","","","","","","","","","","","","","","","","","","","","","","","","","","","","","","","","","","","","3466000","2795000","2980000","2667000","2472000","2785000","3186000","3433000","4048000","4630000","4837000","5158000","5151000","5780000","5739000","6047000","6328000","6541000","6898000","","",
"Bahrain","BHR","International tourism, number of arrivals","ST.INT.ARVL","","","","","","","","","","","","","","","","","","","","","","","","","","","","","","","","","","","","2311000","1988000","2600000","2898000","3280000","3869000","4388000","4831000","4844000","5667000","6313000","7289000","7833000","8631000","8861000","11952000","6732000","8062000","9163000","","",
"Bahamas, The","BHS","International tourism, number of arrivals","ST.INT.ARVL","","","","","","","","","","","","","","","","","","","","","","","","","","","","","","","","","","","","1598000","1633000","1618000","1528000","1577000","1544000","1538000","1513000","1510000","1561000","1608000","1601000","1528000","1463000","1327000","1370000","1346000","1422000","1364000","","",
"Bosnia and Herzegovina","BIH","International tourism, number of arrivals","ST.INT.ARVL","","","","","","","","","","","","","","","","","","","","","","","","","","","","","","","","","","","","","","115000","148000","147000","171000","139000","160000","165000","190000","217000","256000","306000","322000","311000","365000","392000","439000","529000","","",
"Belarus","BLR","International tourism, number of arrivals","ST.INT.ARVL","","","","","","","","","","","","","","","","","","","","","","","","","","","","","","","","","","","","161000","234000","254000","355000","75000","60000","61000","63000","64000","68000","91000","90000","105000","92000","95000","120000","116000","119000","137000","","",
"Belize","BLZ","International tourism, number of arrivals","ST.INT.ARVL","","","","","","","","","","","","","","","","","","","","","","","","","","","","","","","","","","","","131000","133000","146000","176000","181000","196000","196000","200000","221000","231000","237000","247000","251000","245000","232000","242000","250000","277000","294000","","",
"Bermuda","BMU","International tourism, number of arrivals","ST.INT.ARVL","","","","","","","","","","","","","","","","","","","","","","","","","","","","","","","","","","","","387000","390000","380000","370000","355000","332000","278000","284000","257000","272000","270000","299000","306000","264000","236000","232000","236000","232000","236000","","",
"Bolivia","BOL","International tourism, number of arrivals","ST.INT.ARVL","","","","","","","","","","","","","","","","","","","","","","","","","","","","","","","","","","","","284000","313000","355000","387000","342000","319000","316000","334000","427000","480000","524000","521000","573000","594000","599000","679000","711000","798000","798000","","",
"Brazil","BRA","International tourism, number of arrivals","ST.INT.ARVL","","","","","","","","","","","","","","","","","","","","","","","","","","","","","","","","","","","","1991000","2666000","2850000","4818000","5107000","5313000","4773000","3785000","4133000","4794000","5358000","5017000","5026000","5050000","4802000","5161000","5433000","5677000","5813000","","",
"Barbados","BRB","International tourism, number of arrivals","ST.INT.ARVL","","","","","","","","","","","","","","","","","","","","","","","","","","","","","","","","","","","","442000","447000","472000","512000","515000","545000","507000","498000","531000","552000","548000","563000","575000","568000","519000","532000","568000","536000","509000","","",
"Brunei Darussalam","BRN","International tourism, number of arrivals","ST.INT.ARVL","","","","","","","","","","","","","","","","","","","","","","","","","","","","","","","","","","","","","","","","","","","","","119000","126000","158000","179000","226000","157000","214000","242000","209000","225000","","",
"Bhutan","BTN","International tourism, number of arrivals","ST.INT.ARVL","","","","","","","","","","","","","","","","","","","","","","","","","","","","","","","","","","","","5000","5000","5000","6000","7000","8000","6000","6000","6000","9000","14000","17000","21000","28000","23000","41000","66000","105000","116000","","",
"Botswana","BWA","International tourism, number of arrivals","ST.INT.ARVL","","","","","","","","","","","","","","","","","","","","","","","","","","","","","","","","","","","","521000","512000","607000","750000","843000","1104000","1193000","1274000","1406000","1523000","1474000","1426000","1736000","2101000","2103000","2145000","","","","","",
"Central African Republic","CAF","International tourism, number of arrivals","ST.INT.ARVL","","","","","","","","","","","","","","","","","","","","","","","","","","","","","","","","","","","","26000","21000","17000","7000","10000","11000","10000","3000","6000","8000","12000","14000","17000","31000","52000","54000","65000","71000","","","",
"Canada","CAN","International tourism, number of arrivals","ST.INT.ARVL","","","","","","","","","","","","","","","","","","","","","","","","","","","","","","","","","","","","16932000","17286000","17669000","18870000","19411000","19627000","19679000","20057000","17534000","19145000","18771000","18265000","17935000","17142000","15737000","16219000","16014000","16344000","16590000","","",
"Central Europe and the Baltics","CEB","International tourism, number of arrivals","ST.INT.ARVL","","","","","","","","","","","","","","","","","","","","","","","","","","","","","","","","","","","","","","","","","","","","60467935.4268674","66538000","65774000","67502000","68474000","68429000","63191000","65357000","69905000","73418000","76524848.0716848","","",
"Switzerland","CHE","International tourism, number of arrivals","ST.INT.ARVL","","","","","","","","","","","","","","","","","","","","","","","","","","","","","","","","","","","","6946000","6730000","7039000","7185000","7154000","7821000","7455000","6868000","6530000","","7229000","7863000","8448000","8608000","8294000","8628000","8534000","8566000","8967000","","",
"Channel Islands","CHI","International tourism, number of arrivals","ST.INT.ARVL","","","","","","","","","","","","","","","","","","","","","","","","","","","","","","","","","","","","","","","","","","","","","","","","","","","","","","","","",
"Chile","CHL","International tourism, number of arrivals","ST.INT.ARVL","","","","","","","","","","","","","","","","","","","","","","","","","","","","","","","","","","","","1540000","1450000","1644000","1759000","1632000","1742000","1723000","1412000","1614000","1785000","2027000","2253000","2507000","2710000","2760000","2801000","3137000","3554000","3576000","","",
"China","CHN","International tourism, number of arrivals","ST.INT.ARVL","","","","","","","","","","","","","","","","","","","","","","","","","","","","","","","","","","","","20034000","22765000","23770000","25073000","27047000","31229000","33167000","36803000","32970000","41761000","46809000","49913000","54720000","53049000","50875000","55664000","57581000","57725000","55686000","","",
"Cote d'Ivoire","CIV","International tourism, number of arrivals","ST.INT.ARVL","","","","","","","","","","","","","","","","","","","","","","","","","","","","","","","","","","","","","","","","","","","","","","","","182000","205000","231000","252000","270000","289000","","","",
"Cameroon","CMR","International tourism, number of arrivals","ST.INT.ARVL","","","","","","","","","","","","","","","","","","","","","","","","","","","","","","","","","","","","","","","","","","","","","","","451000","477000","487000","498000","573000","604000","817000","912000","","",
"Congo, Rep.","COG","International tourism, number of arrivals","ST.INT.ARVL","","","","","","","","","","","","","","","","","","","","","","","","","","","","","","","","","","","","37000","39000","27000","20000","14000","19000","27000","22000","23000","31000","35000","46000","55000","62000","94000","194000","218000","257000","297000","","",
"Colombia","COL","International tourism, number of arrivals","ST.INT.ARVL","","","","","","","","","","","","","","","","","","","","","","","","","","","","","","","","","","","","1399000","631000","639000","674000","546000","557000","616000","567000","625000","791000","933000","2045000","2254000","2317000","2364000","1405000","2042000","2175000","2288000","","",
"Comoros","COM","International tourism, number of arrivals","ST.INT.ARVL","","","","","","","","","","","","","","","","","","","","","","","","","","","","","","","","","","","","23000","24000","26000","27000","24000","24000","19000","19000","21000","23000","26000","29000","15000","15000","11000","15000","19000","","","","",
"Cabo Verde","CPV","International tourism, number of arrivals","ST.INT.ARVL","","","","","","","","","","","","","","","","","","","","","","","","","","","","","","","","","","","","28000","37000","45000","52000","67000","115000","134000","126000","150000","157000","198000","242000","267000","285000","287000","336000","428000","482000","503000","","",
"Costa Rica","CRI","International tourism, number of arrivals","ST.INT.ARVL","","","","","","","","","","","","","","","","","","","","","","","","","","","","","","","","","","","","785000","781000","811000","943000","1032000","1088000","1131000","1113000","1239000","1453000","1679000","1725000","1980000","2089000","1923000","2100000","2192000","2343000","2428000","","",
"Caribbean small states","CSS","International tourism, number of arrivals","ST.INT.ARVL","","","","","","","","","","","","","","","","","","","","","","","","","","","","","","","","","","","","4485000","4563000","4706000","4724000","4858000","4991000","4850000","4844000","5105000","5425000","5591000","5814000","5778000","5746000","5489000","5704000","5847000","6020000","5969515.65976382","","",
"Cuba","CUB","International tourism, number of arrivals","ST.INT.ARVL","","","","","","","","","","","","","","","","","","","","","","","","","","","","","","","","","","","","742000","999000","1153000","1390000","1561000","1741000","1736000","1656000","1847000","2017000","2261000","2150000","2119000","2316000","2405000","2507000","2688000","2815000","2829000","","",
"Curacao","CUW","International tourism, number of arrivals","ST.INT.ARVL","","","","","","","","","","","","","","","","","","","","","","","","","","","","","","","","","","","","224000","214000","205000","199000","198000","191000","205000","218000","221000","223000","222000","234000","300000","409000","367000","342000","390000","421000","441000","","",
"Cayman Islands","CYM","International tourism, number of arrivals","ST.INT.ARVL","","","","","","","","","","","","","","","","","","","","","","","","","","","","","","","","","","","","361000","373000","381000","404000","395000","354000","334000","303000","294000","260000","168000","267000","292000","303000","272000","288000","309000","322000","345000","","",
"Cyprus","CYP","International tourism, number of arrivals","ST.INT.ARVL","","","","","","","","","","","","","","","","","","","","","","","","","","","","","","","","","","","","2100000","1950000","2088000","2223000","2434000","2686000","2697000","2418000","2303000","2349000","2470000","2401000","2416000","2404000","2141000","2173000","2392000","2465000","2405000","","",
"Czech Republic","CZE","International tourism, number of arrivals","ST.INT.ARVL","","","","","","","","","","","","","","","","","","","","","","","","","","","","","","","","","","","","","","","","","","","","7641000","9047000","9404000","9539000","9370000","9373000","8390000","8185000","8508000","8908000","9004000","","",
"Germany","DEU","International tourism, number of arrivals","ST.INT.ARVL","","","","","","","","","","","","","","","","","","","","","","","","","","","","","","","","","","","","14847000","15205000","15837000","16511000","17116000","18983000","17861000","17969000","18399000","20137000","21500000","23569000","24421000","24884000","24220000","26875000","28374000","30411000","31545000","","",
"Djibouti","DJI","International tourism, number of arrivals","ST.INT.ARVL","","","","","","","","","","","","","","","","","","","","","","","","","","","","","","","","","","","","21000","20000","20000","21000","21000","20000","22000","23000","23000","26000","30000","40000","40000","54000","58000","51000","56000","60000","63000","","",
"Dominica","DMA","International tourism, number of arrivals","ST.INT.ARVL","","","","","","","","","","","","","","","","","","","","","","","","","","","","","","","","","","","","60000","63000","65000","66000","74000","70000","66000","69000","73000","80000","79000","84000","81000","81000","75000","77000","76000","79000","78000","","",
"Denmark","DNK","International tourism, number of arrivals","ST.INT.ARVL","","","","","","","","","","","","","","","","","","","","","","","","","","","","","","","","","","","","2124000","2125000","2158000","2073000","2023000","3535000","3684000","3436000","3474000","4421000","9178000","9256000","9284000","9016000","8547000","8744000","7864000","8443000","8557000","","",
"Dominican Republic","DOM","International tourism, number of arrivals","ST.INT.ARVL","","","","","","","","","","","","","","","","","","","","","","","","","","","","","","","","","","","","1776000","1926000","2211000","2309000","2649000","2978000","2882000","2811000","3282000","3450000","3691000","3965000","3980000","3980000","3992000","4125000","4306000","4563000","4690000","","",
"Algeria","DZA","International tourism, number of arrivals","ST.INT.ARVL","","","","","","","","","","","","","","","","","","","","","","","","","","","","","","","","","","","","520000","605000","635000","678000","749000","866000","901000","988000","1166000","1234000","1443000","1638000","1743000","1772000","1912000","2070000","2395000","2634000","","","",
"East Asia & Pacific (developing only)","EAP","International tourism, number of arrivals","ST.INT.ARVL","","","","","","","","","","","","","","","","","","","","","","","","","","","","","","","","","","","","43648401.3649234","48045783.1805044","48681685.0392061","49228161.6166156","54986999.5636663","62915038.6387362","68346956.5390786","73991289.4045774","65773988.1372142","84173227.8689594","91159243.0472642","98377756.2407614","109755806.287258","110427331.300905","108870600.414193","119943927.377284","128000809.753359","134607054.228076","141328144.856052","","",
"East Asia & Pacific (all income levels)","EAS","International tourism, number of arrivals","ST.INT.ARVL","","","","","","","","","","","","","","","","","","","","","","","","","","","","","","","","","","","","77667504.9230316","84171500.0344063","84609291.3336338","84624640.5516526","93455496.5506479","105056860.854918","110846354.454764","119878638.264185","107668570.633773","137768124.010307","148703840.038454","160073295.122712","177109654.605462","175810258.399803","172929925.087517","195025829.40374","206728182.12585","221303864.82555","235796195.615736","","",
"Europe & Central Asia (developing only)","ECA","International tourism, number of arrivals","ST.INT.ARVL","","","","","","","","","","","","","","","","","","","","","","","","","","","","","","","","","","","","23180838.8782475","23506612.6349905","30273205.0406742","28004798.3529773","23027231.6045203","28880375.8295726","33522826.7528595","38433546.4809499","42589317.0462934","52449846.2480849","57729392.4728572","60013600.0341006","76652392.1136398","85175289.8534685","79403901.1491513","82283425.0928591","90910920.7118748","98042372.9853462","104503885.18028","","",
"Europe & Central Asia (all income levels)","ECS","International tourism, number of arrivals","ST.INT.ARVL","","","","","","","","","","","","","","","","","","","","","","","","","","","","","","","","","","","","311952717.9009","328158340.239464","352601269.388486","362948201.377123","371133110.618586","400546254.831034","400087321.174737","412720985.411295","416101953.442253","433808712.974633","454825724.552444","477720708.180117","504302807.807677","506397331.330646","480033156.397239","494143574.117971","526841332.79441","547037292.126311","574964767.55672","","",
"Ecuador","ECU","International tourism, number of arrivals","ST.INT.ARVL","","","","","","","","","","","","","","","","","","","","","","","","","","","","","","","","","","","","440000","494000","529000","511000","518000","627000","641000","683000","761000","819000","860000","841000","937000","1005000","968000","1047000","1141000","1272000","1364000","","",
"Egypt, Arab Rep.","EGY","International tourism, number of arrivals","ST.INT.ARVL","","","","","","","","","","","","","","","","","","","","","","","","","","","","","","","","","","","","2871000","3528000","3656000","3213000","4490000","5116000","4357000","4906000","5746000","7795000","8244000","8646000","10610000","12296000","11914000","14051000","9497000","11196000","9174000","","",
"Euro area","EMU","International tourism, number of arrivals","ST.INT.ARVL","","","","","","","","","","","","","","","","","","","","","","","","","","","","","","","","","","","","202750038.964714","208819699.869911","222255454.106658","234469212.228614","245915782.542173","260498637.499274","258613187.78688","264172454.147541","263825000","264791000","273959000","290598000","299857000","296289000","282473000","290319000","308147000","314802000","328723621.201218","","",
"Eritrea","ERI","International tourism, number of arrivals","ST.INT.ARVL","","","","","","","","","","","","","","","","","","","","","","","","","","","","","","","","","","","","315000","417000","410000","188000","57000","70000","113000","101000","80000","87000","83000","78000","81000","70000","79000","84000","107000","","","","",
"Spain","ESP","International tourism, number of arrivals","ST.INT.ARVL","","","","","","","","","","","","","","","","","","","","","","","","","","","","","","","","","","","","34920000","36221000","39553000","41892000","45440000","46403000","48565000","50331000","50854000","52430000","55914000","58004000","58666000","57192000","52178000","52677000","56177000","57464000","60661000","","",
"Estonia","EST","International tourism, number of arrivals","ST.INT.ARVL","","","","","","","","","","","","","","","","","","","","","","","","","","","","","","","","","","","","530000","665000","730000","825000","950000","1220000","1320000","1362000","1462000","1750000","1917000","1940000","1900000","2079000","2059000","2372000","2665000","2744000","2868000","","",
"Ethiopia","ETH","International tourism, number of arrivals","ST.INT.ARVL","","","","","","","","","","","","","","","","","","","","","","","","","","","","","","","","","","","","103000","109000","139000","112000","115000","136000","148000","156000","180000","184000","227000","330000","358000","383000","427000","468000","523000","597000","681000","","",
"European Union","EUU","International tourism, number of arrivals","ST.INT.ARVL","","","","","","","","","","","","","","","","","","","","","","","","","","","","","","","","","","","","274244887.857987","282811570.052012","298950859.599805","311318544.277224","321543642.910007","341733843.470519","336061384.237435","342715573.767611","344647748.451227","354257000","369061000","388888000","399650000","394456000","375464000","385362000","406513000","416621000","435029214.659247","","",
"Fragile and conflict affected situations","FCS","International tourism, number of arrivals","ST.INT.ARVL","","","","","","","","","","","","","","","","","","","","","","","","","","","","","","","","","","","","5698856.24602177","6708918.58289901","6541659.05781669","8004832.93016906","8358712.86896737","9214483.88989828","9556407.4967838","10091853.0074287","10773723.6171938","12236644.0413737","12569132.0435443","15191458.3602897","16158181.4450558","17790283.6020117","19921193.4534563","24199322.4102916","19710116.4002043","","","","",
"Finland","FIN","International tourism, number of arrivals","ST.INT.ARVL","","","","","","","","","","","","","","","","","","","","","","","","","","","","","","","","","","","","","","","2644000","2454000","2714000","2826000","2875000","2601000","2840000","3140000","3375000","3519000","3583000","3423000","3670000","4192000","4226000","","","",
"Fiji","FJI","International tourism, number of arrivals","ST.INT.ARVL","","","","","","","","","","","","","","","","","","","","","","","","","","","","","","","","","","","","318000","340000","359000","371000","410000","294000","348000","398000","431000","504000","545000","549000","540000","585000","542000","632000","675000","661000","658000","","",
"France","FRA","International tourism, number of arrivals","ST.INT.ARVL","","","","","","","","","","","","","","","","","","","","","","","","","","","","","","","","","","","","60033000","62406000","66591000","70109000","73147000","77190000","75202000","77012000","75048000","74433000","74988000","77916000","80853000","79218000","76764000","77648000","81550000","83051000","84726000","","",
"Faeroe Islands","FRO","International tourism, number of arrivals","ST.INT.ARVL","","","","","","","","","","","","","","","","","","","","","","","","","","","","","","","","","","","","","","","","","","","","","","","","","","","","","","","","",
"Micronesia, Fed. Sts.","FSM","International tourism, number of arrivals","ST.INT.ARVL","","","","","","","","","","","","","","","","","","","","","","","","","","","","","","","","","","","","","18000","17000","13000","16000","21000","15000","19000","18000","19000","19000","19000","21000","26000","48000","45000","35000","38000","42000","","",
"Gabon","GAB","International tourism, number of arrivals","ST.INT.ARVL","","","","","","","","","","","","","","","","","","","","","","","","","","","","","","","","","","","","125000","145000","167000","195000","178000","155000","169000","208000","222000","244000","269000","","","","","","","","","","",
"United Kingdom","GBR","International tourism, number of arrivals","ST.INT.ARVL","","","","","","","","","","","","","","","","","","","","","","","","","","","","","","","","","","","","21719000","22936000","23215000","23710000","23341000","23212000","20982000","22307000","22787000","25678000","28039000","30654000","30870000","30142000","28199000","28295000","29306000","29282000","31169000","","",
"Georgia","GEO","International tourism, number of arrivals","ST.INT.ARVL","","","","","","","","","","","","","","","","","","","","","","","","","","","","","","","","","","","","85000","117000","313000","317000","384000","387000","302000","298000","313000","368000","560000","983000","1052000","1290000","1500000","2032000","2822000","4428000","5392000","","",
"Ghana","GHA","International tourism, number of arrivals","ST.INT.ARVL","","","","","","","","","","","","","","","","","","","","","","","","","","","","","","","","","","","","286000","305000","325000","348000","373000","399000","439000","483000","531000","584000","429000","497000","587000","698000","803000","931000","","","","","",
"Guinea","GIN","International tourism, number of arrivals","ST.INT.ARVL","","","","","","","","","","","","","","","","","","","","","","","","","","","","","","","","","","","","","12000","17000","23000","27000","33000","38000","43000","44000","45000","45000","46000","30000","24000","","12000","131000","96000","56000","","",
"Gambia, The","GMB","International tourism, number of arrivals","ST.INT.ARVL","","","","","","","","","","","","","","","","","","","","","","","","","","","","","","","","","","","","45000","77000","85000","91000","96000","79000","57000","81000","89000","90000","108000","125000","143000","147000","142000","91000","106000","157000","171000","","",
"Guinea-Bissau","GNB","International tourism, number of arrivals","ST.INT.ARVL","","","","","","","","","","","","","","","","","","","","","","","","","","","","","","","","","","","","","","","","","","8000","","","","5000","12000","30000","","","","","","","","",
"Equatorial Guinea","GNQ","International tourism, number of arrivals","ST.INT.ARVL","","","","","","","","","","","","","","","","","","","","","","","","","","","","","","","","","","","","","","","","","","","","","","","","","","","","","","","","",
"Greece","GRC","International tourism, number of arrivals","ST.INT.ARVL","","","","","","","","","","","","","","","","","","","","","","","","","","","","","","","","","","","","10130000","9233000","10070000","10916000","12164000","13096000","14057000","14180000","13969000","13313000","14765000","16039000","16165000","15939000","14915000","15007000","16427000","15518000","17920000","","",
"Grenada","GRD","International tourism, number of arrivals","ST.INT.ARVL","","","","","","","","","","","","","","","","","","","","","","","","","","","","","","","","","","","","108000","108000","111000","116000","125000","129000","123000","132000","142000","134000","99000","119000","130000","130000","114000","110000","118000","116000","116000","","",
"Greenland","GRL","International tourism, number of arrivals","ST.INT.ARVL","","","","","","","","","","","","","","","","","","","","","","","","","","","","","","","","","","","","","","","","","","","","","","","","","","","","","","","","",
"Guatemala","GTM","International tourism, number of arrivals","ST.INT.ARVL","","","","","","","","","","","","","","","","","","","","","","","","","","","","","","","","","","","","","","","","","","","","","","","","1448000","1527000","1392000","1219000","1225000","1305000","1331000","","",
"Guam","GUM","International tourism, number of arrivals","ST.INT.ARVL","","","","","","","","","","","","","","","","","","","","","","","","","","","","","","","","","","","","1362000","1373000","1382000","1137000","1162000","1287000","1159000","1059000","910000","1160000","1228000","1212000","1225000","1142000","1053000","1196000","1160000","1308000","1334000","","",
"Guyana","GUY","International tourism, number of arrivals","ST.INT.ARVL","","","","","","","","","","","","","","","","","","","","","","","","","","","","","","","","","","","","106000","92000","76000","66000","75000","105000","99000","104000","101000","122000","117000","113000","134000","130000","141000","152000","157000","177000","","","",
"High income","HIC","International tourism, number of arrivals","ST.INT.ARVL","","","","","","","","","","","","","","","","","","","","","","","","","","","","","","","","","","","","410175110.837716","431568311.287092","452503850.094812","465343740.441329","484804046.117346","516864933.593836","507114296.662631","515937812.215515","507199542.93646","538588032.08243","563321592.677948","592054154.202492","618049074.67025","616699005.107999","585127445.952925","618089617.299747","651630534.682639","676782710.917445","710605224.532002","","",
"Hong Kong SAR, China","HKG","International tourism, number of arrivals","ST.INT.ARVL","","","","","","","","","","","","","","","","","","","","","","","","","","","","","","","","","","","","","","","7137000","7837000","8814000","8878000","10689000","9676000","13655000","14773000","15821000","17154000","17319000","16926000","20085000","22316000","23770000","25661000","","",
"Honduras","HND","International tourism, number of arrivals","ST.INT.ARVL","","","","","","","","","","","","","","","","","","","","","","","","","","","","","","","","","","","","271000","263000","307000","321000","371000","471000","518000","550000","611000","641000","673000","739000","804000","869000","836000","863000","871000","895000","863000","","",
"Heavily indebted poor countries (HIPC)","HPC","International tourism, number of arrivals","ST.INT.ARVL","","","","","","","","","","","","","","","","","","","","","","","","","","","","","","","","","","","","4697614.70656385","5356729.68202367","5758873.80829772","5835337.83230757","5967025.87365787","6237358.33419169","6568337.16231598","7252621.83337495","7720746.81183195","8953964.08793428","9907293.59770616","11506666.3088912","13077399.6588096","13955690.8828053","14268373.4023848","15583873.4311873","17533368.3780234","18854868.6879545","19336790.9634445","","",
"Croatia","HRV","International tourism, number of arrivals","ST.INT.ARVL","","","","","","","","","","","","","","","","","","","","","","","","","","","","","","","","","","","","1485000","2914000","4178000","4499000","3805000","5831000","6544000","6944000","7409000","7912000","7743000","7988000","8559000","8665000","8694000","9111000","9927000","10369000","10955000","","",
"Haiti","HTI","International tourism, number of arrivals","ST.INT.ARVL","","","","","","","","","","","","","","","","","","","","","","","","","","","","","","","","","","","","145000","150000","149000","147000","143000","140000","142000","140000","136000","96000","112000","108000","386000","258000","387000","255000","349000","295000","","","",
"Hungary","HUN","International tourism, number of arrivals","ST.INT.ARVL","","","","","","","","","","","","","","","","","","","","","","","","","","","","","","","","","","","","","","","","","","","","","12212000","9979000","9259000","8638000","8814000","9058000","9510000","10250000","10353000","10675000","","",
"Indonesia","IDN","International tourism, number of arrivals","ST.INT.ARVL","","","","","","","","","","","","","","","","","","","","","","","","","","","","","","","","","","","","4324000","5034000","5185000","4606000","4728000","5064000","5153000","5033000","4467000","5321000","5002000","4871000","5506000","6234000","6324000","7003000","7650000","8044000","8802000","","",
"Isle of Man","IMN","International tourism, number of arrivals","ST.INT.ARVL","","","","","","","","","","","","","","","","","","","","","","","","","","","","","","","","","","","","","","","","","","","","","","","","","","","","","","","","",
"India","IND","International tourism, number of arrivals","ST.INT.ARVL","","","","","","","","","","","","","","","","","","","","","","","","","","","","","","","","","","","","2124000","2288000","2374000","2359000","2482000","2649000","2537000","2384000","2726000","3457000","3919000","4447000","5082000","5283000","5168000","5776000","6309000","6578000","6968000","","",
"Not classified","INX","International tourism, number of arrivals","ST.INT.ARVL","","","","","","","","","","","","","","","","","","","","","","","","","","","","","","","","","","","","","","","","","","","","","","","","","","","","","","","","",
"Ireland","IRL","International tourism, number of arrivals","ST.INT.ARVL","","","","","","","","","","","","","","","","","","","","","","","","","","","","","","","","","","","","4818000","5289000","5587000","6064000","6403000","6646000","6353000","6476000","6764000","6953000","7333000","8001000","8332000","8026000","7189000","7134000","7630000","7550000","8260000","","",
"Iran, Islamic Rep.","IRN","International tourism, number of arrivals","ST.INT.ARVL","","","","","","","","","","","","","","","","","","","","","","","","","","","","","","","","","","","","489000","573000","764000","1008000","1321000","1342000","1402000","1585000","1546000","1659000","1889000","2735000","2219000","2034000","2116000","2938000","3354000","3834000","4769000","","",
"Iraq","IRQ","International tourism, number of arrivals","ST.INT.ARVL","","","","","","","","","","","","","","","","","","","","","","","","","","","","","","","","","","","","61000","51000","15000","45000","30000","78000","127000","","","","","","","864000","1262000","1518000","1510000","1111000","892000","","",
"Iceland","ISL","International tourism, number of arrivals","ST.INT.ARVL","","","","","","","","","","","","","","","","","","","","","","","","","","","","","","","","","","","","190000","201000","202000","232000","263000","303000","301000","285000","317000","360000","374000","422000","485000","502000","494000","489000","566000","673000","800000","","",
"Israel","ISR","International tourism, number of arrivals","ST.INT.ARVL","","","","","","","","","","","","","","","","","","","","","","","","","","","","","","","","","","","","2215000","2100000","2010000","1942000","2312000","2417000","1196000","862000","1063000","1506000","1903000","1825000","2067000","2572000","2321000","2803000","2820000","2886000","2962000","","",
"Italy","ITA","International tourism, number of arrivals","ST.INT.ARVL","","","","","","","","","","","","","","","","","","","","","","","","","","","","","","","","","","","","31052000","32943000","34692000","34933000","36516000","41181000","39563000","39799000","39604000","37071000","36513000","41058000","43654000","42734000","43239000","43626000","46119000","46360000","47704000","","",
"Jamaica","JAM","International tourism, number of arrivals","ST.INT.ARVL","","","","","","","","","","","","","","","","","","","","","","","","","","","","","","","","","","","","1147000","1162000","1192000","1225000","1248000","1323000","1277000","1266000","1350000","1415000","1479000","1679000","1701000","1767000","1831000","1922000","1952000","1986000","2008000","","",
"Jordan","JOR","International tourism, number of arrivals","ST.INT.ARVL","","","","","","","","","","","","","","","","","","","","","","","","","","","","","","","","","","","","1075000","1106000","1132000","1772000","1790000","1580000","1672000","2384000","2353000","2853000","2987000","3225000","3431000","3729000","3789000","4207000","3960000","4162000","3945000","","",
"Japan","JPN","International tourism, number of arrivals","ST.INT.ARVL","","","","","","","","","","","","","","","","","","","","","","","","","","","","","","","","","","","","3345000","3837000","4218000","4106000","4438000","4757000","4772000","5239000","5212000","6138000","6728000","7334000","8347000","8351000","6790000","8611000","6219000","8358000","10364000","","",
"Kazakhstan","KAZ","International tourism, number of arrivals","ST.INT.ARVL","","","","","","","","","","","","","","","","","","","","","","","","","","","","","","","","","","","","","","","","","1471000","1845000","2832000","2410000","3073000","3143000","3468000","3876000","3211000","2944000","3196000","4434000","4807000","4926000","","",
"Kenya","KEN","International tourism, number of arrivals","ST.INT.ARVL","","","","","","","","","","","","","","","","","","","","","","","","","","","","","","","","","","","","918000","947000","928000","792000","862000","899000","841000","838000","927000","1199000","1399000","1464000","1686000","1141000","1392000","1470000","1750000","1619000","1434000","","",
"Kyrgyz Republic","KGZ","International tourism, number of arrivals","ST.INT.ARVL","","","","","","","","","","","","","","","","","","","","","","","","","","","","","","","","","","","","36000","42000","87000","59000","48000","59000","99000","140000","342000","398000","319000","766000","1656000","1844000","1394000","855000","2278000","2406000","3076000","","",
"Cambodia","KHM","International tourism, number of arrivals","ST.INT.ARVL","","","","","","","","","","","","","","","","","","","","","","","","","","","","","","","","","","","","220000","260000","219000","287000","368000","466000","605000","787000","701000","1055000","1422000","1700000","2015000","2125000","2162000","2508000","2882000","3584000","4210000","","",
"Kiribati","KIR","International tourism, number of arrivals","ST.INT.ARVL","","","","","","","","","","","","","","","","","","","","","","","","","","","","","","","","","","","","3900","4200","5100","5700","5100","4800","4600","4900","4900","3400","4100","4400","4700","3900","3900","4700","5300","4900","5900","","",
"St. Kitts and Nevis","KNA","International tourism, number of arrivals","ST.INT.ARVL","","","","","","","","","","","","","","","","","","","","","","","","","","","","","","","","","","","","79000","84000","88000","93000","84000","73000","71000","69000","91000","118000","141000","139000","123000","128000","93000","98000","102000","104000","107000","","",
"Korea, Rep.","KOR","International tourism, number of arrivals","ST.INT.ARVL","","","","","","","","","","","","","","","","","","","","","","","","","","","","","","","","","","","","3753000","3684000","3908000","4250000","4660000","5322000","5147000","5347000","4753000","5818000","6023000","6155000","6448000","6891000","7818000","8798000","9795000","11140000","12176000","","",
"Kosovo","KSV","International tourism, number of arrivals","ST.INT.ARVL","","","","","","","","","","","","","","","","","","","","","","","","","","","","","","","","","","","","","","","","","","","","","","","","","","","","","","","","",
"Kuwait","KWT","International tourism, number of arrivals","ST.INT.ARVL","","","","","","","","","","","","","","","","","","","","","","","","","","","","","","","","","","","","72000","76000","79000","77000","84000","78000","73000","96000","94000","91000","104000","185000","293000","259000","297000","207000","269000","300000","","","",
"Latin America & Caribbean (developing only)","LAC","International tourism, number of arrivals","ST.INT.ARVL","","","","","","","","","","","","","","","","","","","","","","","","","","","","","","","","","","","","32631074.6307365","34423120.8554946","33444332.5560283","36365275.3698768","36961595.9724928","40048069.1605157","38676531.7744989","37615492.3574304","38315654.9960192","42678048.6458463","46312519.904894","47541145.974077","49432921.6789278","51696567.8259115","50615646.8483174","51886203.0851385","54254647.6648529","56154992.5783701","58011023.2341123","","",
"Lao PDR","LAO","International tourism, number of arrivals","ST.INT.ARVL","","","","","","","","","","","","","","","","","","","","","","","","","","","","","","","","","","","","60000","93000","193000","200000","259000","191000","173000","215000","196000","407000","672000","842000","1142000","1295000","1239000","1670000","1786000","2140000","2510000","","",
"Lebanon","LBN","International tourism, number of arrivals","ST.INT.ARVL","","","","","","","","","","","","","","","","","","","","","","","","","","","","","","","","","","","","450000","424000","558000","631000","673000","742000","837000","956000","1016000","1278000","1140000","1063000","1017000","1333000","1844000","2168000","1655000","1366000","1274000","","",
"Liberia","LBR","International tourism, number of arrivals","ST.INT.ARVL","","","","","","","","","","","","","","","","","","","","","","","","","","","","","","","","","","","","","","","","","","","","","","","","","","","","","","","","",
"Libya","LBY","International tourism, number of arrivals","ST.INT.ARVL","","","","","","","","","","","","","","","","","","","","","","","","","","","","","","","","","","","","","","","","","","","","","43000","81000","42000","38000","34000","","","","","","","",
"St. Lucia","LCA","International tourism, number of arrivals","ST.INT.ARVL","","","","","","","","","","","","","","","","","","","","","","","","","","","","","","","","","","","","231000","236000","248000","252000","264000","270000","250000","253000","277000","298000","318000","303000","287000","296000","278000","306000","312000","307000","319000","","",
"Latin America & Caribbean (all income levels)","LCN","International tourism, number of arrivals","ST.INT.ARVL","","","","","","","","","","","","","","","","","","","","","","","","","","","","","","","","","","","","47300500.0136588","49364830.7330536","49343337.949163","52531434.226265","52458768.1473969","55824947.4910208","54272349.7214016","51681957.5296375","53156771.8908908","59235135.8683254","63925680.0859686","65894828.4767051","68537417.4293464","71489733.7558919","69103436.6775643","71692098.1596795","75402780.0984391","78036522.759616","80030171.2667781","","",
"Least developed countries: UN classification","LDC","International tourism, number of arrivals","ST.INT.ARVL","","","","","","","","","","","","","","","","","","","","","","","","","","","","","","","","","","","","4313670.28897951","5520452.78513779","5893483.70176332","5952429.92324433","6085067.17658229","6169304.85469404","6477589.70476022","7217226.24220815","7601215.39689615","9427732.60583785","10998116.2425791","13475326.2639028","15565080.4419041","16793959.3269536","16814691.810209","18689361.8195659","20666781.3590358","22944969.5270067","25811812.1746381","","",
"Low income","LIC","International tourism, number of arrivals","ST.INT.ARVL","","","","","","","","","","","","","","","","","","","","","","","","","","","","","","","","","","","","5025276.68763843","5752326.86675032","5503246.28829887","6530866.68526084","6822982.12805206","6515217.64368274","7018550.14399863","7359387.87013601","7903251.67862959","8481568.39806847","8947913.15693513","11130665.8322545","12887954.0363132","13025673.5195764","13420855.6087865","14665384.2777915","16953050.7083786","17829870.4293014","18727355.8709868","","",
"Liechtenstein","LIE","International tourism, number of arrivals","ST.INT.ARVL","","","","","","","","","","","","","","","","","","","","","","","","","","","","","","","","","","","","59000","56000","57000","59000","60000","62000","56000","49000","49000","49000","50000","55000","58000","58000","52000","50000","53000","54000","52000","","",
"Sri Lanka","LKA","International tourism, number of arrivals","ST.INT.ARVL","","","","","","","","","","","","","","","","","","","","","","","","","","","","","","","","","","","","403000","302000","366000","381000","436000","400000","337000","393000","501000","566000","549000","560000","494000","438000","448000","654000","856000","1006000","1275000","","",
"Lower middle income","LMC","International tourism, number of arrivals","ST.INT.ARVL","","","","","","","","","","","","","","","","","","","","","","","","","","","","","","","","","","","","26177890.9045987","29552103.6968869","35816004.3337092","33659265.5697641","34653962.5469725","39867824.6781038","41874950.2941271","44977408.4207008","48627481.0137786","59983584.6064475","66057779.5513635","73127529.1158123","85213810.3190203","92884107.7864308","88236517.1432663","98905286.3031693","96122896.6333298","104958356.426468","112092698.767867","","",
"Low & middle income","LMY","International tourism, number of arrivals","ST.INT.ARVL","","","","","","","","","","","","","","","","","","","","","","","","","","","","","","","","","","","","130636166.852049","139960745.229064","147438803.451906","152396915.23761","158167794.819921","177761165.115533","186472222.194119","199015670.187544","198493868.643822","239555100.907409","259737079.031767","277647066.256288","313936928.865757","330817797.940424","322138959.0406","349273202.538029","360487601.865457","381147992.591597","398228677.967903","","",
"Lesotho","LSO","International tourism, number of arrivals","ST.INT.ARVL","","","","","","","","","","","","","","","","","","","","","","","","","","","","","","","","","","","","209000","312000","313000","290000","308000","302000","295000","287000","329000","304000","304000","357000","300000","293000","344000","426000","398000","423000","433000","","",
"Lithuania","LTU","International tourism, number of arrivals","ST.INT.ARVL","","","","","","","","","","","","","","","","","","","","","","","","","","","","","","","","","","","","650000","832000","1012000","1416000","1422000","1083000","1271000","1428000","1491000","1800000","2000000","2180000","1486000","1611000","1341000","1507000","1775000","1900000","2012000","","",
"Luxembourg","LUX","International tourism, number of arrivals","ST.INT.ARVL","","","","","","","","","","","","","","","","","","","","","","","","","","","","","","","","","","","","768000","724000","778000","789000","863000","852000","836000","885000","867000","878000","913000","908000","914000","877000","847000","805000","870000","950000","945000","","",
"Latvia","LVA","International tourism, number of arrivals","ST.INT.ARVL","","","","","","","","","","","","","","","","","","","","","","","","","","","","","","","","","","","","539000","565000","635000","576000","544000","509000","591000","848000","971000","1079000","1116000","1535000","1653000","1684000","1323000","1373000","1493000","1435000","1536000","","",
"Macao SAR, China","MAC","International tourism, number of arrivals","ST.INT.ARVL","","","","","","","","","","","","","","","","","","","","","","","","","","","","","","","","","","","","4202000","4690000","3836000","4517000","5050000","5197000","5842000","6565000","6309000","8324000","9014000","10683000","12945000","10610000","10402000","11926000","12925000","13577000","14268000","","",
"St. Martin (French part)","MAF","International tourism, number of arrivals","ST.INT.ARVL","","","","","","","","","","","","","","","","","","","","","","","","","","","","","","","","","","","","","","","","","","","","","","","","","","","","","","","","",
"Morocco","MAR","International tourism, number of arrivals","ST.INT.ARVL","","","","","","","","","","","","","","","","","","","","","","","","","","","","","","","","","","","","2602000","2693000","3072000","3095000","3817000","4278000","4380000","4453000","4761000","5477000","5843000","6558000","7408000","7879000","8341000","9288000","9342000","9375000","10046000","","",
"Monaco","MCO","International tourism, number of arrivals","ST.INT.ARVL","","","","","","","","","","","","","","","","","","","","","","","","","","","","","","","","","","","","233000","226000","259000","278000","278000","300000","270000","263000","235000","250000","286000","313000","328000","324000","265000","279000","295000","292000","328000","","",
"Moldova","MDA","International tourism, number of arrivals","ST.INT.ARVL","","","","","","","","","","","","","","","","","","","","","","","","","","","","","","","","","","","","32000","29000","21000","19000","14000","18000","16000","18000","21000","24000","23000","13000","13000","7000","7000","8000","9000","11000","11500","","",
"Madagascar","MDG","International tourism, number of arrivals","ST.INT.ARVL","","","","","","","","","","","","","","","","","","","","","","","","","","","","","","","","","","","","75000","83000","101000","121000","138000","160000","170000","62000","139000","229000","277000","312000","344000","375000","163000","196000","225000","256000","196000","","",
"Maldives","MDV","International tourism, number of arrivals","ST.INT.ARVL","","","","","","","","","","","","","","","","","","","","","","","","","","","","","","","","","","","","315000","339000","366000","396000","430000","467000","461000","485000","564000","617000","395000","602000","676000","683000","656000","792000","931000","958000","1125000","","",
"Middle East & North Africa (all income levels)","MEA","International tourism, number of arrivals","ST.INT.ARVL","","","","","","","","","","","","","","","","","","","","","","","","","","","","","","","","","","","","28675630.4930894","29322147.2987731","31679740.1779432","34649591.5788539","39898847.0000977","44299952.0881943","43698775.6209489","48334944.6365937","50519230.7425099","60035234.1561329","63578674.9134517","70571871.1924052","79018167.0167553","90738268.8867395","88381081.054586","102291671.345477","91437102.8702076","94275761.3674347","94750774.6418324","","",
"Mexico","MEX","International tourism, number of arrivals","ST.INT.ARVL","","","","","","","","","","","","","","","","","","","","","","","","","","","","","","","","","","","","20241000","21395000","19351000","19392000","19043000","20641000","19810000","19667000","18665000","20618000","21915000","21353000","21606000","22931000","22346000","23290000","23403000","23403000","24151000","","",
"Marshall Islands","MHL","International tourism, number of arrivals","ST.INT.ARVL","","","","","","","","","","","","","","","","","","","","","","","","","","","","","","","","","","","","6000","6000","6000","6000","5000","5000","5000","6000","7000","9000","9000","6000","7000","6000","5400","4600","4600","4600","","","",
"Middle income","MIC","International tourism, number of arrivals","ST.INT.ARVL","","","","","","","","","","","","","","","","","","","","","","","","","","","","","","","","","","","","124357730.56545","132941959.322974","140486787.118211","144542723.406269","149980558.362617","169476283.086509","177633288.553243","189691908.424693","188726387.840269","228643052.821201","248111456.326624","264466403.751641","298771488.645748","315312244.429587","306413037.601238","332125583.09475","341240413.471635","360879043.974504","376972454.736127","","",
"Macedonia, FYR","MKD","International tourism, number of arrivals","ST.INT.ARVL","","","","","","","","","","","","","","","","","","","","","","","","","","","","","","","","","","","","147000","136000","121000","157000","181000","224000","99000","123000","158000","165000","197000","202000","230000","255000","259000","262000","327000","351000","400000","","",
"Mali","MLI","International tourism, number of arrivals","ST.INT.ARVL","","","","","","","","","","","","","","","","","","","","","","","","","","","","","","","","","","","","42000","98000","75000","83000","82000","86000","89000","96000","110000","113000","143000","153000","164000","190000","160000","169000","160000","134000","142000","","",
"Malta","MLT","International tourism, number of arrivals","ST.INT.ARVL","","","","","","","","","","","","","","","","","","","","","","","","","","","","","","","","","","","","1116000","1054000","1111000","1182000","1214000","1216000","1180000","1134000","1127000","1156000","1171000","1124000","1244000","1291000","1182000","1339000","1415000","1443000","1582000","","",
"Myanmar","MMR","International tourism, number of arrivals","ST.INT.ARVL","","","","","","","","","","","","","","","","","","","","","","","","","","","","","","","","","","","","194000","490000","491000","478000","435000","416000","475000","487000","597000","657000","660000","630000","716000","731000","763000","792000","816000","1059000","2044000","","",
"Middle East & North Africa (developing only)","MNA","International tourism, number of arrivals","ST.INT.ARVL","","","","","","","","","","","","","","","","","","","","","","","","","","","","","","","","","","","","14558319.0356612","15341586.6398725","16751010.7247833","18327988.7218864","21318771.2983367","23614150.3830088","23431264.7402893","25504594.0101762","27007261.9826128","33103863.5657977","35235835.1060914","39506378.7177631","42505220.0071545","47326907.964382","49271745.8962836","57510865.0817091","46302684.2144516","50243650.6759269","49653825.9465073","","",
"Montenegro","MNE","International tourism, number of arrivals","ST.INT.ARVL","","","","","","","","","","","","","","","","","","","","","","","","","","","","","","","","","","","","","","","","","","","136000","142000","188000","272000","378000","984000","1031000","1044000","1088000","1201000","1264000","1324000","","",
"Mongolia","MNG","International tourism, number of arrivals","ST.INT.ARVL","","","","","","","","","","","","","","","","","","","","","","","","","","","","","","","","","","","","108000","71000","55000","165000","138000","137000","166000","229000","201000","301000","338000","386000","452000","446000","433000","456000","460000","476000","418000","","",
"Northern Mariana Islands","MNP","International tourism, number of arrivals","ST.INT.ARVL","","","","","","","","","","","","","","","","","","","","","","","","","","","","","","","","","","","","669000","728000","685000","481000","493000","517000","438000","466000","452000","525000","498000","429000","385000","388000","345000","375000","336000","","","","",
"Mozambique","MOZ","International tourism, number of arrivals","ST.INT.ARVL","","","","","","","","","","","","","","","","","","","","","","","","","","","","","","","","","","","","","","","","","","323000","541000","441000","470000","578000","664000","771000","1193000","1461000","1718000","1902000","2113000","1886000","","",
"Mauritania","MRT","International tourism, number of arrivals","ST.INT.ARVL","","","","","","","","","","","","","","","","","","","","","","","","","","","","","","","","","","","","","","","","24000","30000","","","","","","","","","","","","","","","",
"Mauritius","MUS","International tourism, number of arrivals","ST.INT.ARVL","","","","","","","","","","","","","","","","","","","","","","","","","","","","","","","","","","","","422000","487000","536000","558000","578000","656000","660000","682000","702000","719000","761000","788000","907000","930000","871000","935000","965000","965000","993000","","",
"Malawi","MWI","International tourism, number of arrivals","ST.INT.ARVL","","","","","","","","","","","","","","","","","","","","","","","","","","","","","","","","","","","","192000","194000","207000","220000","254000","228000","266000","383000","424000","427000","438000","638000","735000","742000","755000","746000","767000","770000","","","",
"Malaysia","MYS","International tourism, number of arrivals","ST.INT.ARVL","","","","","","","","","","","","","","","","","","","","","","","","","","","","","","","","","","","","7469000","7138000","6211000","5551000","7931000","10222000","12775000","13292000","10577000","15703000","16431000","17547000","20973000","22052000","23646000","24577000","24714000","25033000","25715000","","",
"North America","NAC","International tourism, number of arrivals","ST.INT.ARVL","","","","","","","","","","","","","","","","","","","","","","","","","","","","","","","","","","","","60809000","64312000","65924000","65617000","68275000","71197000","66884000","63922000","59009000","65503000","68247000","69541000","74376000","75413000","71076000","76461000","79071000","83233000","86594000","","",
"Namibia","NAM","International tourism, number of arrivals","ST.INT.ARVL","","","","","","","","","","","","","","","","","","","","","","","","","","","","","","","","","","","","272000","461000","502000","614000","635000","656000","670000","757000","695000","716000","778000","833000","929000","931000","980000","984000","1027000","1079000","1176000","","",
"New Caledonia","NCL","International tourism, number of arrivals","ST.INT.ARVL","","","","","","","","","","","","","","","","","","","","","","","","","","","","","","","","","","","","86000","91000","105000","104000","100000","110000","101000","104000","102000","100000","101000","100000","103000","104000","99000","99000","112000","112000","108000","","",
"Niger","NER","International tourism, number of arrivals","ST.INT.ARVL","","","","","","","","","","","","","","","","","","","","","","","","","","","","","","","","","","","","35000","68000","68000","41000","39000","50000","52000","39000","55000","57000","58000","60000","48000","73000","66000","74000","82000","94000","123000","","",
"Nigeria","NGA","International tourism, number of arrivals","ST.INT.ARVL","","","","","","","","","","","","","","","","","","","","","","","","","","","","","","","","","","","","656000","822000","611000","739000","776000","813000","850000","887000","924000","962000","1010000","1111000","1212000","1313000","1414000","1555000","715000","486000","600000","","",
"Nicaragua","NIC","International tourism, number of arrivals","ST.INT.ARVL","","","","","","","","","","","","","","","","","","","","","","","","","","","","","","","","","","","","281000","303000","358000","406000","468000","486000","483000","472000","526000","615000","712000","749000","800000","858000","932000","1011000","1060000","1180000","1229000","","",
"Netherlands","NLD","International tourism, number of arrivals","ST.INT.ARVL","","","","","","","","","","","","","","","","","","","","","","","","","","","","","","","","","","","","6574000","6580000","7841000","9312000","9874000","10003000","9500000","9595000","9181000","9646000","10012000","10739000","11008000","10104000","9921000","10883000","11300000","11680000","12783000","","",
"High income: nonOECD","NOC","International tourism, number of arrivals","ST.INT.ARVL","","","","","","","","","","","","","","","","","","","","","","","","","","","","","","","","","","","","62812763.3810381","73179906.2678455","77274089.7173699","77231245.0767778","82109483.1655148","91033999.1268025","94129566.4883899","100364363.487696","97490009.5875647","110901652.488455","115458347.610783","122537069.385845","132110829.369281","136033589.827195","126517580.406662","141330599.79122","154200419.679588","161872386.336847","170891492.470408","","",
"Norway","NOR","International tourism, number of arrivals","ST.INT.ARVL","","","","","","","","","","","","","","","","","","","","","","","","","","","","","","","","","","","","2880000","2746000","2702000","3256000","3223000","3104000","3073000","3111000","3269000","3628000","3824000","4070000","4377000","4347000","4346000","4767000","4963000","","","","",
"Nepal","NPL","International tourism, number of arrivals","ST.INT.ARVL","","","","","","","","","","","","","","","","","","","","","","","","","","","","","","","","","","","","363000","394000","422000","464000","492000","464000","361000","275000","338000","385000","375000","384000","527000","500000","510000","603000","736000","803000","798000","","",
"New Zealand","NZL","International tourism, number of arrivals","ST.INT.ARVL","","","","","","","","","","","","","","","","","","","","","","","","","","","","","","","","","","","","","","","1475000","1596000","1780000","1900000","2026000","2086000","2325000","2353000","2390000","2434000","2371000","2373000","2435000","2511000","2473000","2629000","","",
"High income: OECD","OEC","International tourism, number of arrivals","ST.INT.ARVL","","","","","","","","","","","","","","","","","","","","","","","","","","","","","","","","","","","","347015079.741543","359051480.515455","376003930.047993","388584403.717611","403278937.524864","426544128.745176","413437818.925355","415755709.868782","409959917.302979","427640214.01611","447822000","469551000","486246000","481246000","458995000","477665000","498723000","516352437.8686","541265069.24356","","",
"OECD members","OED","International tourism, number of arrivals","ST.INT.ARVL","","","","","","","","","","","","","","","","","","","","","","","","","","","","","","","","","","","","374200079.61243","388345913.117289","404158104.176357","416621516.268835","428679886.590578","456372068.087001","443721323.302664","448002526.932143","441758751.737863","465041647.890037","490010000","509820000","533974000","533969000","511528000","532319000","556780000","575444369.600792","603201383.395583","","",
"Oman","OMN","International tourism, number of arrivals","ST.INT.ARVL","","","","","","","","","","","","","","","","","","","","","","","","","","","","","","","","","","","","","","","","","","829000","817000","1039000","1195000","896000","1116000","1271000","1374000","1521000","1442000","1018000","1438000","1551000","","",
"Other small states","OSS","International tourism, number of arrivals","ST.INT.ARVL","","","","","","","","","","","","","","","","","","","","","","","","","","","","","","","","","","","","2734360.06971813","3253355.88900155","3485657.5111699","3873204.60766538","4087375.37151814","4537247.29347343","4653964.69387996","4923661.21132419","5430201.67515379","5721380.03288664","6165289.68014729","6384894.6841026","7710879.77472197","8125712.476525","8322785.22987499","8704953.93941007","9423670.64927931","9941060.37391445","10713415.8991715","","",
"Pakistan","PAK","International tourism, number of arrivals","ST.INT.ARVL","","","","","","","","","","","","","","","","","","","","","","","","","","","","","","","","","","","","378000","369000","375000","429000","432000","557000","500000","498000","501000","648000","798000","898000","840000","823000","855000","907000","1161000","966000","","","",
"Panama","PAN","International tourism, number of arrivals","ST.INT.ARVL","","","","","","","","","","","","","","","","","","","","","","","","","","","","","","","","","","","","345000","362000","421000","431000","457000","484000","519000","534000","566000","621000","702000","843000","1103000","1247000","1200000","1324000","1473000","1606000","1658000","","",
"Peru","PER","International tourism, number of arrivals","ST.INT.ARVL","","","","","","","","","","","","","","","","","","","","","","","","","","","","","","","","","","","","479000","584000","649000","726000","694000","800000","901000","1064000","1136000","1350000","1571000","1721000","1916000","2058000","2140000","2299000","2598000","2846000","3164000","","",
"Philippines","PHL","International tourism, number of arrivals","ST.INT.ARVL","","","","","","","","","","","","","","","","","","","","","","","","","","","","","","","","","","","","1760000","2049000","2223000","2149000","2171000","1992000","1797000","1933000","1907000","2291000","2623000","2843000","3092000","3139000","3017000","3520000","3917000","4273000","4681000","","",
"Palau","PLW","International tourism, number of arrivals","ST.INT.ARVL","","","","","","","","","","","","","","","","","","","","","","","","","","","","","","","","","","","","53000","69000","74000","64000","55000","58000","54000","59000","63000","89000","81000","82000","88000","79000","72000","86000","109000","119000","105000","","",
"Papua New Guinea","PNG","International tourism, number of arrivals","ST.INT.ARVL","","","","","","","","","","","","","","","","","","","","","","","","","","","","","","","","","","","","42000","61000","66000","67000","67000","58000","54000","54000","56000","59000","69000","78000","104000","114000","121000","140000","158000","168000","174000","","",
"Poland","POL","International tourism, number of arrivals","ST.INT.ARVL","","","","","","","","","","","","","","","","","","","","","","","","","","","","","","","","","","","","19215000","19410000","19520000","18780000","17950000","17400000","15000000","13980000","13720000","14290000","15200000","15670000","14975000","12960000","11890000","12470000","13350000","14840000","15800000","","",
"Puerto Rico","PRI","International tourism, number of arrivals","ST.INT.ARVL","","","","","","","","","","","","","","","","","","","","","","","","","","","","","","","","","","","","3131000","3065000","3242000","3396000","3024000","3341000","3551000","3087000","3238000","3541000","3686000","3722000","3687000","3716000","3183000","3186000","3048000","3069000","3200000","","",
"Korea, Dem. Rep.","PRK","International tourism, number of arrivals","ST.INT.ARVL","","","","","","","","","","","","","","","","","","","","","","","","","","","","","","","","","","","","","","","","","","","","","","","","","","","","","","","","",
"Portugal","PRT","International tourism, number of arrivals","ST.INT.ARVL","","","","","","","","","","","","","","","","","","","","","","","","","","","","","","","","","","","","4572000","4567000","4798000","5539000","5379000","5599000","5392000","5560000","6383000","5654000","5769000","6349000","6788000","6962000","6439000","6756000","7264000","7503000","8097000","","",
"Paraguay","PRY","International tourism, number of arrivals","ST.INT.ARVL","","","","","","","","","","","","","","","","","","","","","","","","","","","","","","","","","","","","438000","426000","395000","350000","269000","289000","279000","250000","268000","309000","341000","388000","416000","428000","439000","465000","524000","579000","610000","","",
"Pacific island small states","PSS","International tourism, number of arrivals","ST.INT.ARVL","","","","","","","","","","","","","","","","","","","","","","","","","","","","","","","","","","","","542902.29602984","584929.511915471","610425.429718586","623813.247561148","665723.964371554","570490.697016825","606645.002120741","669763.551534003","714300","831300","874200","889500","919800","976600","960200","1060500","1114000","1134622.21423436","1112006.16194851","","",
"French Polynesia","PYF","International tourism, number of arrivals","ST.INT.ARVL","","","","","","","","","","","","","","","","","","","","","","","","","","","","","","","","","","","","172000","164000","180000","189000","211000","252000","228000","189000","213000","212000","208000","222000","218000","196000","160000","154000","163000","169000","164000","","",
"Qatar","QAT","International tourism, number of arrivals","ST.INT.ARVL","","","","","","","","","","","","","","","","","","","","","","","","","","","","","","","","","","","","309000","327000","333000","320000","357000","378000","376000","587000","557000","732000","913000","946000","964000","1405000","1482000","1700000","2057000","2346000","2611000","","",
"Romania","ROU","International tourism, number of arrivals","ST.INT.ARVL","","","","","","","","","","","","","","","","","","","","","","","","","","","","","","","","","","","","5445000","5205000","5149000","4831000","5224000","5264000","4938000","4794000","5595000","6600000","5839000","6037000","7722000","8862000","7575000","7498000","7611000","7937000","8019000","","",
"Russian Federation","RUS","International tourism, number of arrivals","ST.INT.ARVL","","","","","","","","","","","","","","","","","","","","","","","","","","","","","","","","","","","","10290000","16208000","17463000","16188000","18820000","21169000","21595000","23309000","22521000","22064000","22201000","22486000","22909000","23676000","21339000","22281000","24932000","28177000","30792000","","",
"Rwanda","RWA","International tourism, number of arrivals","ST.INT.ARVL","","","","","","","","","","","","","","","","","","","","","","","","","","","","","","","","","","","","","","","","","104000","113000","","","","","494000","566000","507000","502000","504000","688000","815000","864000","","",
"South Asia","SAS","International tourism, number of arrivals","ST.INT.ARVL","","","","","","","","","","","","","","","","","","","","","","","","","","","","","","","","","","","","3819287.40970641","3940680.35889312","4172245.06028291","4291597.79183623","4541524.45192653","4839396.22640149","4497659.77280864","4333422.25332073","4979151.13428872","6072707.78578585","6383840.97487786","7250933.46906868","8088442.80757535","8387334.69086701","8086402.58994196","9258507.62032461","10419391.4537236","10752967.0367829","11713153.6494669","","",
"Saudi Arabia","SAU","International tourism, number of arrivals","ST.INT.ARVL","","","","","","","","","","","","","","","","","","","","","","","","","","","","","","","","","","","","3325000","","","","","6585000","6727000","7511000","7332000","8599000","8037000","8620000","11531000","14757000","10897000","10850000","17498000","14276000","13380000","","",
"Sudan","SDN","International tourism, number of arrivals","ST.INT.ARVL","","","","","","","","","","","","","","","","","","","","","","","","","","","","","","","","","","","","29000","38000","30000","38000","39000","38000","50000","52000","52000","61000","246000","328000","436000","440000","420000","495000","536000","575000","591000","","",
"Senegal","SEN","International tourism, number of arrivals","ST.INT.ARVL","","","","","","","","","","","","","","","","","","","","","","","","","","","","","","","","","","","","","","","","","","","","495000","667000","769000","866000","875000","867000","810000","900000","968000","962000","1063000","","",
"Singapore","SGP","International tourism, number of arrivals","ST.INT.ARVL","","","","","","","","","","","","","","","","","","","","","","","","","","","","","","","","","","","","6070000","6048000","5894000","5122000","5604000","6062000","5857000","5855000","4703000","6553000","7079000","7588000","7957000","7778000","7488000","9161000","10390000","11098000","11899000","","",
"Solomon Islands","SLB","International tourism, number of arrivals","ST.INT.ARVL","","","","","","","","","","","","","","","","","","","","","","","","","","","","","","","","","","","","12000","10000","14000","16000","","5000","","","7000","5600","9000","11000","14000","16000","18300","20500","22900","23900","24400","","",
"Sierra Leone","SLE","International tourism, number of arrivals","ST.INT.ARVL","","","","","","","","","","","","","","","","","","","","","","","","","","","","","","","","","","","","14000","22000","8000","13000","11000","16000","24000","28000","38000","44000","40000","34000","32000","36000","37000","39000","52000","60000","81000","","",
"El Salvador","SLV","International tourism, number of arrivals","ST.INT.ARVL","","","","","","","","","","","","","","","","","","","","","","","","","","","","","","","","","","","","235000","283000","387000","542000","658000","795000","735000","798000","720000","951000","1127000","1279000","1339000","1385000","1091000","1150000","1184000","1255000","1283000","","",
"San Marino","SMR","International tourism, number of arrivals","ST.INT.ARVL","","","","","","","","","","","","","","","","","","","","","","","","","","","","","","","","","","","","28000","30000","28000","36000","34000","43000","49000","46000","41000","42000","50000","50000","69000","115000","151000","120000","156000","139000","70000","","",
"Somalia","SOM","International tourism, number of arrivals","ST.INT.ARVL","","","","","","","","","","","","","","","","","","","","","","","","","","","","","","","","","","","","","","","","","","","","","","","","","","","","","","","","",
"Serbia","SRB","International tourism, number of arrivals","ST.INT.ARVL","","","","","","","","","","","","","","","","","","","","","","","","","","","","","","","","","","","","","","","","","","","312000","339000","392000","453000","469000","696000","646000","645000","683000","764000","810000","922000","","",
"Sub-Saharan Africa (developing only)","SSA","International tourism, number of arrivals","ST.INT.ARVL","","","","","","","","","","","","","","","","","","","","","","","","","","","","","","","","","","","","13507054.4060703","15415812.0081712","15327275.6435811","17406715.2592832","18098696.8456848","18354591.0170249","18929980.9334788","20284490.1663858","21380671.0561392","22695805.0414153","24650132.0051405","27633788.5423525","30544858.2302389","31257082.5990793","29337825.3829888","32397572.4747162","34202590.2761043","35318541.4854204","36574505.0957531","","",
"South Sudan","SSD","International tourism, number of arrivals","ST.INT.ARVL","","","","","","","","","","","","","","","","","","","","","","","","","","","","","","","","","","","","","","","","","","","","","","","","","","","","","","","","",
"Sub-Saharan Africa (all income levels)","SSF","International tourism, number of arrivals","ST.INT.ARVL","","","","","","","","","","","","","","","","","","","","","","","","","","","","","","","","","","","","13654489.7791124","15575800.728809","15486056.8904284","17564151.2259167","18252964.3230977","18514801.5543822","19090493.2693801","20448136.041578","21533564.0035121","22848624.8421491","24813414.8917398","27804805.3273868","30739394.5738327","31450033.6316393","29528258.6661662","32608422.0872818","34436187.1121952","35568924.9811183","36851930.0619722","","",
"Small states","SST","International tourism, number of arrivals","ST.INT.ARVL","","","","","","","","","","","","","","","","","","","","","","","","","","","","","","","","","","","","8026749.14326262","8650288.71856666","9053161.46113312","9455710.95731614","9849172.67905795","10319491.6699027","10317116.8666439","10635016.6665148","11450727.8325124","12197701.7983366","12849867.5300369","13169123.9646736","14442165.4260352","14867471.3615267","14770629.8917401","15468957.5034157","16302217.3728969","16965526.7648659","17516583.0066571","","",
"Sao Tome and Principe","STP","International tourism, number of arrivals","ST.INT.ARVL","","","","","","","","","","","","","","","","","","","","","","","","","","","","","","","","","","","","6000","6000","5000","6000","6000","7000","8000","9000","10000","11000","16000","12000","12000","14000","15000","8000","12000","","","","",
"Suriname","SUR","International tourism, number of arrivals","ST.INT.ARVL","","","","","","","","","","","","","","","","","","","","","","","","","","","","","","","","","","","","43000","53000","61000","55000","57000","57000","54000","60000","82000","138000","161000","154000","167000","151000","151000","205000","220000","240000","249000","","",
"Slovak Republic","SVK","International tourism, number of arrivals","ST.INT.ARVL","","","","","","","","","","","","","","","","","","","","","","","","","","","","","","","","","","","","","","","","","","","","5660000","5719000","6184000","6579000","7269000","6643000","5298000","5415000","5961000","6235000","","","",
"Slovenia","SVN","International tourism, number of arrivals","ST.INT.ARVL","","","","","","","","","","","","","","","","","","","","","","","","","","","","","","","","","","","","732000","832000","974000","977000","884000","1090000","1219000","1302000","1373000","1499000","1555000","1617000","1751000","1958000","1824000","1869000","2037000","2156000","2259000","","",
"Sweden","SWE","International tourism, number of arrivals","ST.INT.ARVL","","","","","","","","","","","","","","","","","","","","","","","","","","","","","","","","","","","","2310000","2376000","2388000","2573000","2595000","3828000","4108000","4276000","4268000","4676000","4883000","4729000","5224000","4555000","4899000","5183000","5222000","5146000","5229000","","",
"Swaziland","SWZ","International tourism, number of arrivals","ST.INT.ARVL","","","","","","","","","","","","","","","","","","","","","","","","","","","","","","","","","","","","300000","315000","269000","284000","289000","281000","283000","256000","461000","459000","837000","873000","869000","756000","908000","868000","879000","889000","968000","","",
"Sint Maarten (Dutch part)","SXM","International tourism, number of arrivals","ST.INT.ARVL","","","","","","","","","","","","","","","","","","","","","","","","","","","","","","","","","","","","460000","365000","439000","458000","445000","432000","403000","381000","428000","475000","468000","468000","469000","475000","440000","443000","424000","457000","467000","","",
"Seychelles","SYC","International tourism, number of arrivals","ST.INT.ARVL","","","","","","","","","","","","","","","","","","","","","","","","","","","","","","","","","","","","121000","131000","130000","128000","125000","130000","130000","132000","122000","121000","129000","141000","161000","159000","158000","175000","194000","208000","230000","","",
"Syrian Arab Republic","SYR","International tourism, number of arrivals","ST.INT.ARVL","","","","","","","","","","","","","","","","","","","","","","","","","","","","","","","","","","","","815000","830000","891000","1267000","1386000","2100000","2192000","2661000","2598000","3399000","3571000","4231000","4158000","5430000","6092000","8546000","5070000","","","","",
"Turks and Caicos Islands","TCA","International tourism, number of arrivals","ST.INT.ARVL","","","","","","","","","","","","","","","","","","","","","","","","","","","","","","","","","","","","79000","88000","93000","111000","121000","152000","166000","155000","164000","173000","176000","248000","265000","352000","351000","281000","354000","292000","291000","","",
"Chad","TCD","International tourism, number of arrivals","ST.INT.ARVL","","","","","","","","","","","","","","","","","","","","","","","","","","","","","","","","","","","","","","","","","","","","","","","46000","77000","61000","70000","71000","77000","86000","100000","","",
"Togo","TGO","International tourism, number of arrivals","ST.INT.ARVL","","","","","","","","","","","","","","","","","","","","","","","","","","","","","","","","","","","","53000","58000","92000","69000","70000","60000","57000","58000","61000","83000","81000","94000","86000","74000","150000","202000","300000","235000","327000","","",
"Thailand","THA","International tourism, number of arrivals","ST.INT.ARVL","","","","","","","","","","","","","","","","","","","","","","","","","","","","","","","","","","","","6952000","7244000","7294000","7843000","8651000","9579000","10133000","10873000","10082000","11737000","11567000","13822000","14464000","14584000","14150000","15936000","19230000","22354000","26547000","","",
"Tajikistan","TJK","International tourism, number of arrivals","ST.INT.ARVL","","","","","","","","","","","","","","","","","","","","","","","","","","","","","","","","","","","","","","","","","","","","","","","","","325000","207000","160000","183000","244000","208000","","",
"Turkmenistan","TKM","International tourism, number of arrivals","ST.INT.ARVL","","","","","","","","","","","","","","","","","","","","","","","","","","","","","","","","","","","","218000","217000","257000","300000","","3000","5000","11000","8000","15000","12000","6000","8000","","","","","","","","",
"Timor-Leste","TLS","International tourism, number of arrivals","ST.INT.ARVL","","","","","","","","","","","","","","","","","","","","","","","","","","","","","","","","","","","","","","","","","","","","","","","14000","22000","36000","44000","40000","51000","58000","","","",
"Tonga","TON","International tourism, number of arrivals","ST.INT.ARVL","","","","","","","","","","","","","","","","","","","","","","","","","","","","","","","","","","","","29000","27000","26000","27000","31000","35000","32000","37000","40000","41000","42000","39000","46000","50000","46000","47000","46000","48000","45000","","",
"Trinidad and Tobago","TTO","International tourism, number of arrivals","ST.INT.ARVL","","","","","","","","","","","","","","","","","","","","","","","","","","","","","","","","","","","","260000","266000","324000","334000","358000","399000","383000","384000","409000","443000","463000","461000","449000","437000","419000","388000","431000","455000","434000","","",
"Tunisia","TUN","International tourism, number of arrivals","ST.INT.ARVL","","","","","","","","","","","","","","","","","","","","","","","","","","","","","","","","","","","","4120000","3885000","4263000","4718000","4832000","5058000","5387000","5064000","5114000","5998000","6378000","6550000","6762000","7050000","6901000","6903000","4785000","5950000","6269000","","",
"Turkey","TUR","International tourism, number of arrivals","ST.INT.ARVL","","","","","","","","","","","","","","","","","","","","","","","","","","","","","","","","","","","","7083000","7966000","9040000","8960000","6893000","9586000","10783000","12790000","13341000","16826000","20273000","18916000","26122000","29792000","30187000","31364000","34654000","35698000","37795000","","",
"Tuvalu","TUV","International tourism, number of arrivals","ST.INT.ARVL","","","","","","","","","","","","","","","","","","","","","","","","","","","","","","","","","","","","900","1000","1000","1000","1100","1100","1100","1300","1400","1300","1100","1100","1100","1700","1600","1700","1200","","","","",
"Tanzania","TZA","International tourism, number of arrivals","ST.INT.ARVL","","","","","","","","","","","","","","","","","","","","","","","","","","","","","","","","","","","","285000","315000","347000","450000","564000","459000","501000","550000","552000","566000","590000","622000","692000","750000","695000","754000","843000","1043000","1063000","","",
"Uganda","UGA","International tourism, number of arrivals","ST.INT.ARVL","","","","","","","","","","","","","","","","","","","","","","","","","","","","","","","","","","","","160000","174000","175000","195000","189000","193000","205000","254000","305000","512000","468000","539000","642000","844000","807000","946000","1151000","1197000","1206000","","",
"Ukraine","UKR","International tourism, number of arrivals","ST.INT.ARVL","","","","","","","","","","","","","","","","","","","","","","","","","","","","","","","","","","","","3716000","3854000","7558000","6208000","4232000","6431000","9174000","10517000","12514000","15629000","17631000","18936000","23122000","25449000","20798000","21203000","21415000","23013000","24671000","","",
"Upper middle income","UMC","International tourism, number of arrivals","ST.INT.ARVL","","","","","","","","","","","","","","","","","","","","","","","","","","","","","","","","","","","","97750573.1045182","102950257.043381","104224633.785551","110408018.349423","114832497.947297","129051642.015721","135176004.234308","144096093.055104","139562889.462653","168020742.378048","181370436.487553","191144946.497515","213342012.614909","222162053.109132","217943767.160143","232926410.013787","244830061.299934","255785462.993122","264874766.238308","","",
"Uruguay","URY","International tourism, number of arrivals","ST.INT.ARVL","","","","","","","","","","","","","","","","","","","","","","","","","","","","","","","","","","","","2022000","2152000","2316000","2163000","2073000","1968000","1892000","1258000","1420000","1756000","1808000","1749000","1753000","1938000","2055000","2353000","2857000","2695000","2683000","","",
"United States","USA","International tourism, number of arrivals","ST.INT.ARVL","","","","","","","","","","","","","","","","","","","","","","","","","","","","","","","","","","","","43490000","46636000","47875000","46377000","48509000","51238000","46927000","43581000","41218000","46086000","49206000","50977000","56135000","58007000","55103000","60010000","62821000","66657000","69768000","","",
"Uzbekistan","UZB","International tourism, number of arrivals","ST.INT.ARVL","","","","","","","","","","","","","","","","","","","","","","","","","","","","","","","","","","","","92000","173000","960000","811000","487000","302000","345000","332000","231000","262000","242000","560000","903000","1069000","1215000","975000","","","1969000","","",
"St. Vincent and the Grenadines","VCT","International tourism, number of arrivals","ST.INT.ARVL","","","","","","","","","","","","","","","","","","","","","","","","","","","","","","","","","","","","60000","58000","65000","67000","68000","73000","71000","78000","79000","87000","96000","97000","90000","84000","75000","72000","74000","74000","72000","","",
"Venezuela, RB","VEN","International tourism, number of arrivals","ST.INT.ARVL","","","","","","","","","","","","","","","","","","","","","","","","","","","","","","","","","","","","700000","759000","814000","685000","587000","469000","584000","432000","337000","486000","706000","748000","756000","699000","562000","526000","595000","988000","986000","","",
"Virgin Islands (U.S.)","VIR","International tourism, number of arrivals","ST.INT.ARVL","","","","","","","","","","","","","","","","","","","","","","","","","","","","","","","","","","","","454000","373000","393000","422000","484000","546000","527000","520000","538000","563000","593000","570000","586000","574000","563000","590000","532000","580000","570000","","",
"Vietnam","VNM","International tourism, number of arrivals","ST.INT.ARVL","","","","","","","","","","","","","","","","","","","","","","","","","","","","","","","","","","","","1351000","1607000","1716000","1520000","1782000","2140000","2330000","2628000","2429000","2928000","3477000","3583000","4229000","4236000","3747000","5050000","6014000","6848000","7572000","","",
"Vanuatu","VUT","International tourism, number of arrivals","ST.INT.ARVL","","","","","","","","","","","","","","","","","","","","","","","","","","","","","","","","","","","","44000","46000","50000","52000","51000","58000","53000","49000","50000","61000","62000","68000","81000","91000","101000","97000","94000","108000","110000","","",
"West Bank and Gaza","PSE","International tourism, number of arrivals","ST.INT.ARVL","","","","","","","","","","","","","","","","","","","","","","","","","","","","","","","","","","","","","220000","210000","200000","300000","310000","43000","33000","37000","56000","88000","123000","264000","387000","396000","522000","449000","490000","545000","","",
"World","WLD","International tourism, number of arrivals","ST.INT.ARVL","","","","","","","","","","","","","","","","","","","","","","","","","","","","","","","","","","","","549854516.648986","581171144.970285","610088375.366079","628215138.843988","653865941.692238","706484480.273604","705503120.908345","727284606.701867","717890424.599109","791610926.692271","837159574.388166","881331251.438369","944182510.100809","959829297.705571","919034551.021434","979887487.643878","1025303086.44546","1071612063.54557","1123200395.43052","","",
"Samoa","WSM","International tourism, number of arrivals","ST.INT.ARVL","","","","","","","","","","","","","","","","","","","","","","","","","","","","","","","","","","","","68000","73000","68000","78000","85000","88000","88000","89000","92000","98000","102000","110000","117000","118000","122000","122000","121000","126000","116000","","",
"Yemen, Rep.","YEM","International tourism, number of arrivals","ST.INT.ARVL","","","","","","","","","","","","","","","","","","","","","","","","","","","","","","","","","","","","61000","74000","80000","88000","58000","73000","76000","98000","155000","274000","336000","1061000","948000","1023000","1028000","1025000","829000","874000","990000","","",
"South Africa","ZAF","International tourism, number of arrivals","ST.INT.ARVL","","","","","","","","","","","","","","","","","","","","","","","","","","","","","","","","","","","","4488000","4915000","4976000","5732000","5890000","5872000","5787000","6430000","6505000","6678000","7369000","8396000","9091000","9592000","7012000","8074000","8339000","9188000","9537000","","",
"Congo, Dem. Rep.","COD","International tourism, number of arrivals","ST.INT.ARVL","","","","","","","","","","","","","","","","","","","","","","","","","","","","","","","","","","","","35000","37000","30000","53000","80000","103000","55000","28000","35000","36000","61000","55000","47000","50000","53000","81000","186000","167000","191000","","",
"Zambia","ZMB","International tourism, number of arrivals","ST.INT.ARVL","","","","","","","","","","","","","","","","","","","","","","","","","","","","","","","","","","","","163000","264000","341000","362000","404000","457000","492000","565000","413000","515000","669000","757000","897000","812000","710000","815000","920000","859000","915000","","",
"Zimbabwe","ZWE","International tourism, number of arrivals","ST.INT.ARVL","","","","","","","","","","","","","","","","","","","","","","","","","","","","","","","","","","","","1416000","1597000","1336000","2090000","2250000","1967000","2217000","2041000","2256000","1854000","1559000","2287000","2506000","1956000","2017000","2239000","2423000","1794000","1833000","","",
